country_iso,country_name,year,gdp_pcap_constant_usd,gdp_pcap_ppp_constant_usd,hdi,ladder_score
IND,India,1960,312.777847829868,,,
IND,India,1961,316.739644665114,,,
IND,India,1962,318.381945826526,,,
IND,India,1963,329.64149485279,,,
IND,India,1964,346.011883332873,,,
IND,India,1965,329.392574458173,,,
IND,India,1966,322.241317769904,,,
IND,India,1967,340.080025745202,,,
IND,India,1968,344.128288078031,,,
IND,India,1969,358.966799409582,,,
IND,India,1970,369.19248063917,,,
IND,India,1971,367.033309772096,,,
IND,India,1972,357.07792915078,,,
IND,India,1973,360.637844054436,,,
IND,India,1974,356.615069655557,,,
IND,India,1975,380.159941384358,,,
IND,India,1976,377.496025416227,,,
IND,India,1977,395.443306819602,,,
IND,India,1978,408.51694440403,,,
IND,India,1979,378.219592791247,,,
IND,India,1980,394.182239921013,,0.362,
IND,India,1981,408.153549793307,,,
IND,India,1982,412.596737104221,,,
IND,India,1983,432.429235384759,,,
IND,India,1984,438.541705512915,,,
IND,India,1985,450.966703855867,,0.397,
IND,India,1986,461.725611476403,,,
IND,India,1987,469.209956296394,,,
IND,India,1988,502.937342187065,,,
IND,India,1989,521.073383839123,,,
IND,India,1990,537.870269536103,2139.82749174123,0.427,
IND,India,1991,531.898397833351,2116.06939249228,0.432,
IND,India,1992,549.235069964895,2185.04046180678,0.438,
IND,India,1993,563.372872336747,2241.28535932488,0.445,
IND,India,1994,588.727892180632,2342.15609263829,0.452,
IND,India,1995,620.699954336366,2469.3516292637,0.46,
IND,India,1996,654.355928434052,2603.24632974171,0.467,
IND,India,1997,667.598423093399,2655.92939429507,0.473,
IND,India,1998,695.293709337082,2766.110488608,0.48,
IND,India,1999,742.53920839812,2954.0688560393,0.488,
IND,India,2000,756.704109533187,3010.42156148397,0.493,
IND,India,2001,778.507377522499,3097.16224022342,0.498,
IND,India,2002,793.615912901002,3157.26903770593,0.504,
IND,India,2003,841.278894562408,3346.8882902915,0.517,
IND,India,2004,892.596614580718,3551.04731213773,0.526,
IND,India,2005,947.732565644272,3770.39653173829,0.535,
IND,India,2006,1008.23275344818,4011.08647585805,0.545,
IND,India,2007,1069.24696812234,4253.82139046739,0.556,
IND,India,2008,1086.50605251005,4322.48378983546,0.564,
IND,India,2009,1155.10163273817,4595.37990753812,0.57,
IND,India,2010,1235.15939132939,4913.87639723705,0.581,
IND,India,2011,1281.61054354937,5098.67458775444,0.591,
IND,India,2012,1333.09626557649,5303.50197767655,0.6,
IND,India,2013,1399.4537980281,5567.49439418718,0.607,
IND,India,2014,1484.31640682961,5905.10618204633,0.618,
IND,India,2015,1583.99815907985,6301.67346968236,0.627,
IND,India,2016,1694.46534973787,6741.14883185347,0.636,
IND,India,2017,1788.69770318481,7116.03659185396,0.64,
IND,India,2018,1883.35772705055,7492.62576755145,,
IND,India,2019,1936.03067741063,7702.17634811957,,
IND,India,2020,1806.50110583865,7186.86447099679,,
IND,India,2021,1965.30943437472,7818.65701757504,,
IND,India,2022,2098.21124476122,8347.38478647086,,
IND,India,2023,2229.71491223037,8870.55027609345,,
IND,India,2024,2366.8328910323,9416.05137044735,,
USA,United States,1960,18991.5445998554,,,
USA,United States,1961,19108.9353618196,,,
USA,United States,1962,19965.1435740168,,,
USA,United States,1963,20545.7842448928,,,
USA,United States,1964,21437.5840707345,,,
USA,United States,1965,22526.2055153932,,,
USA,United States,1966,23714.9390303358,,,
USA,United States,1967,24044.5651288028,,,
USA,United States,1968,24948.3569003897,,,
USA,United States,1969,25471.6161794352,,,
USA,United States,1970,25231.1271587521,,,
USA,United States,1971,25734.4828317751,,,
USA,United States,1972,26798.5336106847,,,
USA,United States,1973,28042.5519181903,,,
USA,United States,1974,27637.2997756103,,,
USA,United States,1975,27309.8688183059,,,
USA,United States,1976,28509.1430593189,,,
USA,United States,1977,29528.9663682275,,,
USA,United States,1978,30834.9992322862,,,
USA,United States,1979,31462.1003882108,,,
USA,United States,1980,31081.6216322106,,0.826,
USA,United States,1981,31559.1293376105,,,
USA,United States,1982,30696.0834382608,,,
USA,United States,1983,31810.9216076638,,,
USA,United States,1984,33818.823551545,,,
USA,United States,1985,34918.1302039172,,0.841,
USA,United States,1986,35794.8877746784,,,
USA,United States,1987,36701.9453874612,,,
USA,United States,1988,37889.3773459827,,,
USA,United States,1989,38911.5418959959,,,
USA,United States,1990,39200.0658091762,44384.2101912606,0.86,
USA,United States,1991,38637.8398179104,43747.6307351749,0.861,
USA,United States,1992,39447.9472850606,44664.873585596,0.867,
USA,United States,1993,40002.4762253198,45292.7380683092,0.871,
USA,United States,1994,41106.9881833481,46543.3199204553,0.875,
USA,United States,1995,41710.8207256668,47227.0083257008,0.877,
USA,United States,1996,42783.8165724095,48441.9061125568,0.879,
USA,United States,1997,44151.6860410035,49990.6740739125,0.881,
USA,United States,1998,45596.4306879224,51626.4838297863,0.884,
USA,United States,1999,47234.2455290381,53480.8969962416,0.885,
USA,United States,2000,48616.2546282435,55045.6745311559,0.885,
USA,United States,2001,48597.4246124122,55024.3542766281,0.887,
USA,United States,2002,48967.3661217576,55443.2199435683,0.889,
USA,United States,2003,49905.5233080788,56505.4468784112,0.893,
USA,United States,2004,51348.3473386025,58139.0820195229,0.895,
USA,United States,2005,52649.5713060461,59612.3907215559,0.898,
USA,United States,2006,53596.315236412,60684.3399832539,0.901,
USA,United States,2007,54152.8292673551,61314.4520816367,0.905,
USA,United States,2008,53703.962897927,60806.2238713713,0.91,
USA,United States,2009,51863.6183416558,58722.496767251,0.91,
USA,United States,2010,52812.6829869279,59797.0736545937,0.914,
USA,United States,2011,53215.5362314388,60253.2035796719,0.917,
USA,United States,2012,54000.8410778217,61142.3637034265,0.918,
USA,United States,2013,54728.860179812,61966.6621370894,0.916,
USA,United States,2014,55665.2411187802,63026.8779187814,0.918,
USA,United States,2015,56849.4697923159,64367.7188912582,0.92,
USA,United States,2016,57430.8499298804,65025.9855980616,0.922,
USA,United States,2017,58435.9707535619,66164.0320014289,0.924,
USA,United States,2018,59817.6556798612,67728.4424921024,,
USA,United States,2019,61047.9648238812,69121.4580016741,,
USA,United States,2020,59533.609024416,67406.8311325507,,
USA,United States,2021,63096.7856149746,71441.231980595,,
USA,United States,2022,64322.2332819139,72828.7430907189,,
USA,United States,2023,65667.281580468,74351.6718197429,,
USA,United States,2024,66856.5131698371,75698.1773354629,,
