country_code,country_name,year,gcf_const_2015_usd,gcf_curr_usd,gcf_pct_gdp,gdp_const_2015_usd,gdp_curr_usd,gdp_growth_annual_pct,gdp_pc_const_2015_usd,gdp_pc_curr_usd,gdp_pc_growth_annual_pct,gfcf_const_2015_usd,gfcf_curr_usd,gfcf_pct_gdp,population_total
CHN,China,1960,,23638465762.3723,39.4986681327632,161019131971.415,59846235024.7318,,241.382661446948,89.7150749167731,,,19495171136.3473,32.5754345754429,667070000.0
CHN,China,1961,,11415559017.7792,22.7572483035064,117109214676.55,50162299349.7871,-27.2700000038883,177.349529290733,75.9655011127574,-26.5276436063691,,9506393846.96376,18.9512721111021,660330000.0
CHN,China,1962,,7429461014.2379,15.7035408173779,110574520509.079,47310737754.2287,-5.57999999019671,166.085165310961,71.0616845971262,-6.35150486433241,,7307599407.59011,15.4459637589079,665770000.0
CHN,China,1963,,11034704004.2505,21.7166309297306,121963696117.532,50812227918.5753,10.2999999963989,178.744599232828,74.4681540864463,7.62225446093558,,9003677226.78729,17.7195088576225,682335000.0
CHN,China,1964,,14537402056.7802,24.3011524546751,144136696064.162,59821862703.4023,18.1799999938203,206.39459309973,85.6611074645449,15.468995418925,,12100169923.8243,20.2270029333877,698355000.0
CHN,China,1965,,19089166799.6989,27.0515096880037,168567866052.615,70565994356.1828,16.9500000038699,235.698268353804,98.6681688740435,14.197889011518,,14539666818.1813,20.6043533444624,715185000.0
CHN,China,1966,,23364655783.6128,30.4013318657505,186520343784.551,76854053259.209,10.6499999984174,253.631144662158,104.50646350178,7.608403928295,,16743508489.0826,21.7861098784355,735400000.0
CHN,China,1967,,17391384871.8564,23.8201111605653,175758119940.626,73011350596.2485,-5.77000000405148,232.931044915017,96.7614480104016,-8.16149758528853,,13248090245.8314,18.1452474685657,754550000.0
CHN,China,1968,,17665789279.347,24.888290626073,168552037046.827,70980323818.7853,-4.09999998647768,217.624094003727,91.6454581848979,-6.57145161430678,,12303878586.8441,17.3342102781275,774510000.0
CHN,China,1969,,19933364229.3127,24.9642038256092,197104752115.92,79847786729.1898,16.9399999960609,247.611258585999,100.308139479526,13.7793403435182,,16724341920.9208,20.9452792694714,796025000.0
CHN,China,1970,,30438001510.2715,32.8162153192607,235145969267.792,92752930873.1912,19.2999999967022,287.353854283243,113.346243039894,16.0503992929066,,22354514935.9678,24.1011413068232,818315000.0
CHN,China,1971,,33570752158.2706,33.5845171488947,251747274694.657,99959013879.6308,7.05999999853672,299.305407404138,118.84249157909,4.15917620130968,,24796716479.6294,24.8068838589077,841105000.0
CHN,China,1972,,35525993382.8226,31.1982006102093,261338845861.077,113871930713.841,3.81000000021984,303.166764336598,132.097410431007,1.29010597100438,,27998375041.0901,24.5876001799335,862030000.0
CHN,China,1973,,45658319637.5218,32.9034962037238,281618740302.101,138764340892.0,7.76000000084325,319.317346193733,157.339888078555,5.32729301395436,,33644743794.1587,24.245957987394,881940000.0
CHN,China,1974,,47879670018.0051,33.1534340901066,288124133211.379,144418433058.472,2.31000000294736,320.013476105269,160.402546852304,0.218005667350923,,38293247655.5333,26.5154847927406,900350000.0
CHN,China,1975,,57258710409.539,34.9804771441711,313248557620.151,163687619735.857,8.71999999747992,341.827004315989,178.621249282085,6.81644050625665,,47472832936.2525,29.0020913083467,916395000.0
CHN,China,1976,,51138255627.9827,33.1642759720738,308330555260.336,154196810058.643,-1.57000000165326,331.294213681681,165.680987722637,-3.08132198489825,,44699652856.293,28.9887014130144,930685000.0
CHN,China,1977,,59266474723.3725,33.8227621398292,331671178297.81,175226595859.778,7.57000000138403,351.549547458872,185.728620718294,6.11400167606095,,49200930266.231,28.0784603643177,943455000.0
CHN,China,1978,,56233026138.2114,37.5415882273122,369239420801.258,149788617886.179,11.3269542129809,386.167053595622,156.655616850835,9.84712009643518,,43875302560.9756,29.2914796732523,956165000.0
CHN,China,1979,,64710334643.4783,36.2372832294507,397282422830.885,178573913043.478,7.59480175999998,409.99006489222,184.285853059043,6.16909471555913,,50545117252.1739,28.3048718543046,969005000.0
CHN,China,1980,,66147553729.1667,34.544058348021,428434994544.795,191487500000.0,7.84141706847441,436.628325064633,195.149479992051,6.49729406965412,,54593387062.5,28.5101570924995,981235000.0
CHN,China,1981,,64535523825.3968,32.8896636883936,450348857948.493,196218253968.254,5.11486309071954,453.119684821175,197.425510967822,3.77697891086211,,53388698428.5714,27.2088337088195,993885000.0
CHN,China,1982,,65587896076.3359,31.9192153428932,490989885719.788,205480916030.534,9.02434347373044,486.788897534069,203.722788366928,7.43053410407046,,57916140351.145,28.1856541570696,1008630000.0
CHN,China,1983,,73648734593.8697,31.8645996336511,543878522308.357,231130268199.234,10.7718383060041,531.489502016356,225.86534696156,9.18274938247932,,65001225015.3257,28.1231988876917,1023310000.0
CHN,China,1984,,89365467310.7143,34.3128885510943,626505281173.79,260442857142.857,15.1921349118079,604.253640849507,251.192686463827,13.6906069747567,,76219038739.2857,29.2651676361692,1036825000.0
CHN,China,1985,,120898734132.653,38.9914630864753,710635430095.605,310064625850.34,13.4284820016509,676.125961043923,295.007445815897,11.8943958853723,,94181047057.8231,30.3746507037155,1051040000.0
CHN,China,1986,,113467013495.652,37.6578802293366,774192860723.962,301310144927.536,8.9437463904392,725.721895334567,282.445603096707,7.33530986061663,,93113390307.2464,30.9028394412806,1066790000.0
CHN,China,1987,,101875915735.426,37.2550720459819,864427096743.192,273455156950.673,11.6552658383921,797.416224331495,252.256760114454,9.87903623382846,,83416274479.8206,30.5045534375743,1084035000.0
CHN,China,1988,,122062518395.062,39.0114582938763,961423696945.326,312888888888.889,11.2209115803492,872.728317988186,284.023573149686,9.44451484164723,,96994617160.4938,30.9997000868056,1101630000.0
CHN,China,1989,,129399924939.271,37.1432672399768,1001879030667.2,348380566801.619,4.20785693658392,895.614384005007,311.429461227032,2.62235859030879,,89049722510.1214,25.5610476002324,1118650000.0
CHN,China,1990,,123261300353.728,34.0914985430681,1041177931705.26,361560229445.507,3.9225195692421,917.187887177205,318.50335359039,2.40879373505875,,86565315650.0956,23.9421564099717,1135185000.0
CHN,China,1991,,136646341463.415,35.5377442696039,1138794946993.44,384510452961.672,9.37563237902144,989.585278674846,334.130288119078,7.89340902881477,,100101045296.167,26.0333742620373,1150780000.0
CHN,China,1992,,168436420722.135,39.3081668840399,1301615550876.41,428502354788.069,14.2976226152779,1117.29533882968,367.822651903542,12.9054122880499,,131189952904.239,30.615923445537,1164970000.0
CHN,China,1993,,194146834054.33,43.4763551900211,1482879870958.35,446557291212.148,13.9261028311995,1258.34142676619,378.939353053314,12.6238858280969,,166613890516.5,37.3107535797341,1178440000.0
CHN,China,1994,,228350004171.142,40.2783746945492,1676880778212.51,566929539493.172,13.0827122987906,1406.97393365064,475.677874448369,11.8117788799513,,196693415733.594,34.6945082292652,1191835000.0
CHN,China,1995,475395820990.633,288574980748.776,39.092189056179,1861596132617.78,738190896227.55,11.0154136659719,1545.07897848105,612.680277898627,9.81575006667488,,240857329959.694,32.6280547742557,1204855000.0
CHN,China,1996,538099409615.955,328101104439.105,37.7768637845413,2047258472826.1,868523936530.083,9.97328781228394,1681.45741269443,713.337387811657,8.82663191414676,,277142350263.255,31.9095811418268,1217550000.0
CHN,China,1997,566248014494.034,345888214420.174,35.7413524462449,2237604266165.63,967753570434.667,9.29759460595947,1819.07954081306,786.743548510999,8.18469305732251,,302425252571.92,31.2502337176691,1230075000.0
CHN,China,1998,615497250943.217,362851218716.172,34.9859486932226,2414901854973.07,1037134141760.35,7.92354535108497,1944.46718626424,835.095348597432,6.8929171395732,,342979152690.471,33.0698931681417,1241935000.0
CHN,China,1999,654723889291.862,377885422643.675,34.2336141056633,2601845161729.03,1103843203575.64,7.74123827728161,2076.93180259914,881.146614068925,6.81238630667758,,360681303415.577,32.675048616256,1252735000.0
CHN,China,2000,702422855003.536,411581609430.883,33.6326827140045,2824916263542.96,1223754919971.05,8.57357328926101,2237.30047918692,969.199513696287,7.72142235903391,,399521459432.767,32.6471790154044,1262645000.0
CHN,China,2001,848567316440.794,481361274306.312,35.523858010134,3060063619716.51,1355036590251.52,8.32404695347056,2405.99411858042,1065.40597574519,7.54005288797013,,453393641323.232,33.4598817910203,1271850000.0
CHN,China,2002,959269098833.012,537360529962.884,36.0687816828708,3342692586001.97,1489821682050.54,9.23604870383861,2610.66275070444,1163.55957673426,8.50661398311242,,521256785555.368,34.9878641071948,1280400000.0
CHN,China,2003,1187961563724.01,663929616359.091,39.4280130265115,3680766226629.83,1683903309843.85,10.1138119025242,2856.85053293219,1306.97245408557,9.43008751939767,,641309202798.054,38.0846809344133,1288400000.0
CHN,China,2004,1416204775727.94,826107816292.792,41.6343741627493,4054011719388.36,1984196551300.44,10.1404291872206,3127.91444892337,1530.92726215723,9.48820783119425,,780791999227.721,39.3505370582361,1296075000.0
CHN,China,2005,1566526102252.92,931147769850.739,40.178086700104,4518338478814.27,2317551298052.05,11.4535130030645,3465.72767067642,1777.64496828464,10.7999508064974,,910110018931.413,39.2703289759488,1303720000.0
CHN,China,2006,1805728003092.64,1107937379082.9,39.6897003482818,5091050723394.27,2791498472804.33,12.6752842281595,3883.27464370816,2129.25696999613,12.0478875638328,,1075329111482.4,38.5215726233992,1311020000.0
CHN,China,2007,2120300566780.36,1449626501735.39,40.2220879226288,5811473655332.24,3604055822571.63,14.1507710506103,4409.69709445986,2734.72709877693,13.5561478146964,,1357683411650.45,37.6709873123357,1317885000.0
CHN,China,2008,2414499395419.8,1958452391146.2,41.9607249432501,6373372030110.07,4667346414521.95,9.66877608164454,4811.34486346262,3523.44302065213,9.10828477328671,,1811074229473.19,38.8030814219879,1324655000.0
CHN,China,2009,2919460955841.66,2331586892087.97,44.9282638913962,6972857785771.39,5189577094997.58,9.40610014336416,5237.78809982377,3898.24459158811,8.86328559816117,,2252783317543.54,43.4097668520056,1331260000.0
CHN,China,2010,3379942841685.89,2854917581561.38,46.1023443345586,7711401293675.62,6192564874453.29,10.5916903885704,5764.65012366375,4629.24551710077,10.0588648070302,,2695015515631.65,43.5201821905755,1337705000.0
CHN,China,2011,3675217078792.42,3549745173730.83,46.2703012824496,8441058131256.55,7671757207851.29,9.46205248298186,6275.71634288814,5703.76027973346,8.86552016620182,,3338395140046.5,43.515390928039,1345035000.0
CHN,China,2012,3956223800485.28,3974006124201.62,45.8169211701107,9104341297809.09,8673664713189.24,7.8578201481217,6723.09003744607,6405.0574241349,7.12864747408331,,3805458298857.17,43.8737076505916,1354190000.0
CHN,China,2013,4330548082913.43,4474277400763.55,45.9224093546636,9812516071429.73,9743124247267.24,7.77842954757257,7197.937319496,7147.03518622344,7.06293206554041,,4294334930447.57,44.0755431365052,1363240000.0
CHN,China,2014,4655345596368.92,4836794860984.92,45.3115352657107,10544628617502.6,10674533168257.4,7.46100735778161,7686.37369520403,7781.06597484974,6.78578256558413,,4630649568303.33,43.3803473680085,1371860000.0
CHN,China,2015,4820854761847.03,4820854761847.03,42.7349872564364,11280814787468.9,11280814787468.9,6.98162255562367,8175.33285077393,8175.33285077393,6.36137631292877,4694699581163.45,4694699581163.45,41.6166710438192,1379860000.0
CHN,China,2016,5154510820320.7,4827410068932.43,42.1386166189127,12044942062503.5,11456024084962.0,6.7736886867727,8679.22528805041,8254.86859320357,6.16357090866066,,4706201149285.17,41.0805800894123,1387790000.0
CHN,China,2017,5478798666123.37,5334698476272.63,42.5497375507577,12874987827480.3,12537559062282.9,6.89123916636191,9221.35045639842,8979.67652709856,6.24623915563534,,5192867621329.67,41.4184897995936,1396215000.0
CHN,China,2018,5849150101123.61,6127938860545.8,43.313827489682,13745054545709.3,14147765772963.8,6.757806142324,9798.57890566402,10085.6638148819,6.25969538838069,,5995876333537.23,42.3803760237203,1402760000.0
CHN,China,2019,6090805998907.79,6212755948025.48,42.6695374085222,14579018970009.3,14560167101283.4,6.06737806333672,10356.2924890582,10342.9009524335,5.69178029552671,,6151721422590.08,42.2503490502374,1407745000.0
CHN,China,2020,6346749365942.07,6384329452073.95,42.5723735094229,14920095680400.9,14996414166715.1,2.33950385203023,10573.3794064211,10627.4637989619,2.09618372204399,,6275911069015.95,41.8494114609444,1411100000.0
CHN,China,2021,6598453297619.72,7768896607600.43,42.6822612949312,16198805195731.6,18201698719564.0,8.57038414981781,11469.3174514512,12887.4357242941,8.47352592384939,,7526788365592.98,41.3521203793076,1412360000.0
CHN,China,2022,6786639414758.66,7758145200097.73,42.3554333470499,16706452162504.0,18316765021690.2,3.13385438394069,11830.298767861,12970.6056414327,3.14736528950196,,7552539216090.82,41.2329317275585,1412175000.0
CHN,China,2023,7019896442636.18,7514544752835.9,41.1297102455381,17611274170444.3,18270356654533.2,5.41600334492955,12483.9791101249,12951.1782397043,5.52547619540933,,7391169506259.04,40.4544347218594,1410710000.0
CHN,China,2024,7219703704654.99,7582053246054.77,40.4815134449629,18484494644731.6,18729668435848.0,4.95830378788091,13119.1076099516,13293.1162269366,5.08754856303446,,7426675490111.76,39.6519325237885,1408975000.0
CHN,China,2025,7359864995223.74,,,19401316126585.1,19498039388042.6,4.95994886240992,13793.2056196996,13861.970224368,5.13829164139675,,,,1406585000.0
IND,India,1960,19140866896.839,6639952634.03263,17.9313352864798,136368119594.257,37029883876.1839,,312.777847829868,84.9328084793106,,20546434620.1767,5353005446.77545,14.455906652784,435990338.0
IND,India,1961,18941176758.9841,7557008993.67899,19.2621458307568,141444753583.433,39232435784.0358,3.72274253269822,316.739644665114,87.8538613470205,1.26664879329974,23265575971.9286,6181445807.13581,15.7559572420204,446564729.0
IND,India,1962,21630243039.092,7634420165.48017,18.1075707708237,145590679987.767,42161481858.0819,2.93112773665958,318.381945826526,92.1999583629516,0.518501927079271,24794105762.1935,6731666153.21615,15.9663888851805,457283090.0
IND,India,1963,23234177374.4175,9197965701.2957,18.9954571074823,154317899661.255,48421923459.1235,5.99435326095178,329.64149485279,103.435021262932,3.53649105229069,27682482049.2294,7914280226.80023,16.3444152182043,468138575.0
IND,India,1964,25651422374.6609,11030503757.9538,19.5298284932289,165819135752.835,56480289940.9899,7.45295012232975,346.011883332873,117.856430772855,4.96611887025713,29815769693.2937,9198542725.80273,16.2862880757398,479229598.0
IND,India,1965,28314709554.8912,11945300832.6508,20.0572229945507,161448524536.245,59556105229.0052,-2.63577010985361,329.392574458173,121.50831902883,-4.80310349882166,30774020154.3709,10196075252.5253,17.1201175988915,490140146.0
IND,India,1966,29657868698.1064,8367808593.69787,18.3580138165654,161359197053.707,45581230504.071,-0.0553287698318314,322.241317769904,91.0276950517841,-2.17104368549663,31211598521.5917,7626721604.28187,16.7321538272221,500740247.0
IND,India,1967,28425766714.2094,9123328402.8,18.1975444704354,173987108161.169,50134942204.0,7.82596303033105,340.080025745202,97.9951481214155,5.53582268678396,33228583862.4908,8056085294.0,16.0688033930899,511606372.0
IND,India,1968,27839558813.043,9418554161.2,17.7422497494354,179881668161.044,53085455870.6667,3.38792917600242,344.128288078031,101.556802521195,1.19038521123345,35004082552.8199,8604402264.66667,16.2085869350539,522716889.0
IND,India,1969,30912705348.7812,10310281984.0,17.6400952349903,191645390146.726,58447995017.3333,6.53970029628042,358.966799409582,109.477664384288,4.31191269233454,35027936809.9267,9423982103.86667,16.1237046729693,533880544.0
IND,India,1970,30861536674.6325,11368032257.0667,18.2114387329179,201528983195.205,62422483054.6667,5.15722973608261,369.19248063917,114.35532002008,2.84864261720234,33085056260.6545,9698056143.06667,15.5361588781618,545864268.0
IND,India,1971,33441971180.8212,12933904889.4895,19.2036157433701,204839964092.459,67351404351.833,1.64293038388766,367.033309772096,120.680595539912,-0.58483608965598,36524931296.4122,11170702177.2603,16.5857004538559,558096387.0
IND,India,1972,31909996538.3213,13970228370.7894,19.5484319396904,203706581882.861,71464700666.9869,-0.553301312377712,357.07792915078,125.270705961882,-2.7123915885177,38094713477.3231,12186470318.9483,17.0524331665995,570482142.0
IND,India,1973,38113456061.9093,15992453661.3582,18.7007586479695,210419775342.652,85517673172.5513,3.29552113522354,360.637844054436,146.568492582405,0.996957418265112,37090217930.8321,13603540117.8133,15.9072851413591,583465598.0
IND,India,1974,36151739769.5697,22404947584.892,22.5115175742591,212913957238.715,99526597933.6331,1.18533626034039,356.615069655557,166.699661755332,-1.11546097149807,38516926962.5788,16525822284.599,16.6044279898112,597041391.0
IND,India,1975,32512019111.1342,19246815110.8437,19.5451062648376,232395396993.299,98473832017.3242,9.14991201480592,380.159941384358,161.086694022079,6.60232102685482,37825817650.7569,17444354594.0634,17.7147108391135,611309535.0
IND,India,1976,38455194278.5777,19946787155.4095,19.4192719578704,236260373292.016,102716451979.68,1.66310363661279,377.496025416227,164.119999587322,-0.700735579459177,41960903331.3475,18991191222.2844,18.4889478328566,625861883.0
IND,India,1977,44850317893.3141,25628351175.1409,21.0956125472627,253400507183.968,121486641441.309,7.25476458583569,395.443306819602,189.585568552477,4.75429678592927,47635917089.8763,22827573949.7168,18.7901926326154,640801103.0
IND,India,1978,53371095672.1564,31099965054.1995,22.6507207547063,267876092470.546,137302319828.995,5.71253208900188,408.51694440403,209.389063573463,3.306071277214,50099661173.8178,26626402123.8401,19.3925362346407,655728229.0
IND,India,1979,47162626271.2416,36099851058.6662,23.5953767441188,253844253329.845,152995442497.709,-5.2381827027895,378.219592791247,227.958179873426,-7.41642471084822,50067110078.0575,31141172805.2797,20.3543140219657,671155747.0
IND,India,1980,51201968404.2602,36436560119.0625,19.5550034544046,270942749193.224,186328579302.068,6.7358215279985,394.182239921013,271.080945953678,4.22047070908258,51259917959.5421,36662458764.4246,19.676240167639,687354025.0
IND,India,1981,48395679230.984,49456660070.229,25.5601376265736,287216122413.739,193491368445.573,6.00620362381767,408.153549793307,274.964330768528,3.54437832488188,51195242722.6512,38441421386.7391,19.8672538705789,703696250.0
IND,India,1982,49853627869.6191,50448255165.3842,25.1341943149098,297198988652.009,200715624830.902,3.47573324031237,412.596737104221,278.65038258267,1.08860680328846,54085872663.7749,42179411327.1772,21.0145131265752,720313473.0
IND,India,1983,53231024575.3268,45921421702.0267,21.0395721185203,318861504638.44,218262146413.158,7.28889290124586,432.429235384759,295.999773299382,4.80675111968445,58051099889.1522,44894488783.1836,20.569067756807,737372681.0
IND,India,1984,55911802960.0274,49414522479.0321,23.2914173032296,331044366854.288,212157645177.652,3.8207378559735,438.541705512915,281.049867840717,1.41351916752743,59018585878.5017,44235778043.319,20.8504284661898,754875449.0
IND,India,1985,60367385263.0995,61490184601.4563,26.4460769030045,348438428450.72,232511554840.372,5.25429922330889,450.966703855867,300.928258576378,2.83325352794432,61736925084.9298,50695186646.5775,21.8032977678815,772647793.0
IND,India,1986,62532955390.0395,64899902260.822,26.0656839397328,365081813580.314,248985994040.59,4.77656417048946,461.725611476403,314.897116402542,2.38574323304699,67620333950.2968,57020070823.4466,22.9009149864675,790689978.0
IND,India,1987,70769969632.0828,72066370149.6703,25.8271313054029,379558605843.486,279033584092.223,3.96535563390576,469.209956296394,344.941028293075,1.62095076252291,75089849878.028,68205918069.8616,24.4436232619651,808931270.0
IND,India,1988,79476866643.127,77951580633.2355,26.2826349945907,416101684467.7,296589670895.932,9.62778291984834,502.937342187065,358.484539641693,7.18812238275834,77689724127.8332,69912054601.5875,23.5719788859803,827342990.0
IND,India,1989,85937682764.5134,79519965120.6064,26.8610369133845,440848680237.688,296042052944.66,5.94734332826503,521.073383839123,349.915155021864,3.60602407711301,84471021509.6953,72757703423.4589,24.5768135640715,846039529.0
IND,India,1990,101998826230.264,87743461242.1094,27.3361977013687,465242841650.512,320979026420.035,5.53345456306495,537.870269536103,371.085936203765,3.2235163449005,98391571850.7628,83718295868.5684,26.0821701661635,864972221.0
IND,India,1991,85152815231.0168,67905847731.926,25.1405052782292,470159674240.679,270105341879.226,1.05683143296179,531.898397833351,305.574055928592,-1.11028105492854,90811846850.8409,66403598831.0915,24.584333789586,883927600.0
IND,India,1992,96158360731.2785,79084882875.8473,27.44020415513,495935689516.747,288208070278.013,5.48239602167003,549.235069964895,319.182472626315,3.25939544134066,100437906942.161,72309963480.4499,25.0894998917615,902957070.0
IND,India,1993,98373120107.4086,63445946163.9591,22.716410511618,519496484318.718,279295648982.529,4.7507762195799,563.372872336747,302.884806246174,2.57408951922086,99608127916.4845,66103013543.2141,23.6677562948176,922118387.0
IND,India,1994,117533154772.872,86106556408.0966,26.3101665553988,554089360742.694,327274843459.429,6.65892406747307,588.727892180632,347.73421473994,4.50057521206482,105344556778.808,76447764811.0753,23.3588882063134,941163767.0
IND,India,1995,126677783504.139,105030596995.344,29.1523371515588,596058814159.964,360281909643.489,7.57449184027195,620.699954336366,375.17600537305,5.43070280521438,118112446079.149,90563784414.7983,25.1369225017193,960301044.0
IND,India,1996,127829387949.303,89420392519.4172,22.7592531809279,641058406951.43,392896866204.516,7.54952224888829,654.355928434052,401.046754673579,5.42226141029292,123667339707.968,96357120054.4483,24.5247871242351,979678458.0
IND,India,1997,146850657861.756,106847742358.73,25.6927329065132,667020123970.576,415867563592.829,4.04982084902483,667.598423093399,416.228116203753,2.02374488927428,134919118619.395,105422644244.087,25.3500521496081,999133762.0
IND,India,1998,152400414243.866,105234050234.063,24.9753699423901,708271422045.356,421351317224.941,6.18441582080355,695.293709337082,413.630864056851,4.1484948564368,149246040757.49,107270853380.621,25.4587677777102,1018665080.0
IND,India,1999,179276049634.946,142042225086.271,30.9580879683861,770923380748.906,458821052615.79,8.84575556114116,742.53920839812,441.927991436397,6.79504192639435,174231612235.119,126336800901.091,27.5350924245587,1038225823.0
IND,India,2000,169369763409.71,120271401428.678,25.677316683955,800534479629.68,468395521654.458,3.84099115686554,756.704109533187,442.750218937263,1.90763005843495,171105928742.795,121884874869.223,26.0217848451461,1057922733.0
IND,India,2001,177103830739.327,145184897910.805,29.9078889827325,839151992858.488,485440139204.171,4.82396626397303,778.507377522499,450.357900514128,2.88134658113091,209074720249.123,145303445579.778,29.9323096392457,1077898575.0
IND,India,2002,190493589446.873,155775784776.875,30.2513001207186,871073127574.186,514939140318.756,3.80397532120038,793.615912901002,469.149928973927,1.94070548523048,207574913684.35,145895259683.575,28.3325248092936,1097600380.0
IND,India,2003,220409611812.357,187413068492.144,30.8396999424416,939542798331.655,607700687237.318,7.86038147545045,841.278894562408,544.143133545002,6.00579964269848,218194454914.321,172190930544.337,28.3348257062433,1116803006.0
IND,India,2004,281090319477.226,248887728627.02,35.0964917017773,1013982178696.23,709152728830.775,7.92293661307978,892.596614580718,624.258826510066,6.09996522556324,243186386319.839,217767622880.795,30.7081414238993,1135991513.0
IND,India,2005,335269753861.197,307055400956.369,37.4282640165983,1094324353137.75,820383763511.445,7.92343062131789,947.732565644272,710.488080408949,6.17702892470105,283169224039.133,268719466729.103,32.7553370362813,1154676322.0
IND,India,2006,369245532657.041,366687312639.919,38.9985063717532,1182534912725.95,940259888787.721,8.06073257305057,1008.23275344818,801.668353659022,6.38367720990838,322456437167.422,315785264190.765,33.5848915769349,1172878890.0
IND,India,2007,459371838393.738,510430648406.794,41.9507982267334,1273126725470.22,1216736438834.96,7.66081506510766,1069.24696812234,1021.88707706826,6.05160013553237,375110021905.153,435748337900.115,35.8128781215224,1190676021.0
IND,India,2008,423741611187.067,460644521506.104,38.4224196528192,1312424303400.29,1198895139005.92,3.08669805950082,1086.50605251005,992.519584923828,1.61413451730577,387111067148.485,416231927051.965,34.7179593535669,1207930964.0
IND,India,2009,478165772173.632,526782184418.779,39.2567917551336,1415605643151.34,1341888016994.9,7.8618888330338,1155.10163273817,1094.94974598436,6.31340985810947,416829118260.316,455592813348.046,33.9516269299674,1225524753.0
IND,India,2010,574382131314.948,666654093364.027,39.7856241847736,1535897931719.55,1675615519484.96,8.49758470165625,1235.15939132939,1347.51939071367,6.93079780360446,462872670734.466,556807282880.028,33.2300146665612,1243481564.0
IND,India,2011,586896844687.175,721753910094.54,39.590421855219,1616399198833.97,1823051829894.55,5.24131620024293,1281.61054354937,1445.46127486037,3.76074153231241,518847632198.934,625551370081.665,34.3134166469557,1261224954.0
IND,India,2012,627648086907.11,700851783791.42,38.3474156730403,1704596203504.08,1827637590410.41,5.45638755164772,1333.09626557649,1429.32199520032,4.01726735834531,544473914757.747,611105980816.668,33.4369343256634,1278674502.0
IND,India,2013,594696998801.229,631716032985.4,34.0231978997548,1813453530765.84,1856721507621.58,6.38610640091713,1399.4537980281,1432.84397512195,4.97769997299568,552977528627.17,581075865322.952,31.2958008477695,1295829511.0
IND,India,2014,631177826070.191,698763898362.984,34.2678056268836,1947834564909.58,2039126479154.52,7.41022760516977,1484.31640682961,1553.88396075118,6.06398074170735,567372901989.407,613374078859.467,30.0802370588503,1312277191.0
IND,India,2015,675603796764.315,675603796764.315,32.1167301358276,2103588360044.94,2103588360044.94,7.99625378567987,1583.99815907985,1583.99815907985,6.71566734636781,604427075366.936,604427075366.936,28.7331441287317,1328024498.0
IND,India,2016,741747333237.434,692401963751.449,30.172690580036,2277267041549.85,2294796885663.16,8.25630550176662,1694.46534973787,1707.50892912243,6.97394690926852,655552238064.464,646867394694.409,28.1884378846659,1343944296.0
IND,India,2017,849036072301.316,821484338748.471,30.9821728344733,2432016068498.23,2651474262755.45,6.79538341902422,1788.69770318481,1950.10468280866,5.5611850346496,706699366177.944,747127475823.859,28.1778136155632,1359657400.0
IND,India,2018,901294474346.12,874214432208.492,32.3432182154485,2588974770244.48,2702929641648.74,6.45385134495295,1883.35772705055,1966.25455171679,5.29211971912275,785871380821.785,796366002399.328,29.4630681512508,1374659064.0
IND,India,2019,846901208573.139,853409661240.451,30.0961975685688,2689205295885.26,2835606256558.19,3.87143694070524,1936.03067741063,2041.42863698585,2.79675759966057,794883609043.541,806858839433.266,28.4545443348195,1389030312.0
IND,India,2020,757490720046.078,773630845204.822,28.9223840080659,2533830417086.36,2674851578587.27,-5.77772470687303,1806.50110583865,1907.04251637669,-6.69047102834244,738477753555.943,730885041606.85,27.3243213738562,1402617695.0
IND,India,2021,949856697111.71,1017195001183.23,32.1158221755014,2779348258938.28,3167270623260.47,9.68959249191741,1965.30943437472,2239.61384367482,8.79093447675136,867868706472.122,936816398158.319,29.5780345158487,1414203896.0
IND,India,2022,982692988729.045,1118362211658.41,34.4117962357355,2990839011962.06,3249938492013.47,7.6093649776932,2098.21124476122,2279.98145719369,6.76238601728318,941161453067.492,1051909283642.0,32.3670520604315,1425423212.0
IND,India,2023,1068212521817.41,1207976575397.55,34.504684353812,3206485223026.3,3500906030644.76,7.210224629335,2229.71491223037,2434.44826340989,6.26741791597422,1009423253895.84,1116775131527.77,31.8996031813541,1438069596.0
IND,India,2024,1133166226726.6,1291685460935.73,34.3459060404746,3434122552914.77,3760813470500.86,7.09927893176518,2366.8328910323,2591.9916607122,6.14957446128288,1074125919425.71,1190050811692.66,31.6434415327216,1450935791.0
IND,India,2025,1206468840130.14,1368918097792.96,34.6030048968457,3693970992045.56,3956067115771.63,7.56666179284244,2523.43601851376,2702.47987141553,6.6165688365585,1150204050793.39,1253246368503.29,31.6790977460161,1463865525.0
