country_code,country_name,year,gcf_const_2015_usd,gcf_curr_usd,gcf_pct_gdp,gdp_const_2015_usd,gdp_curr_usd,gdp_growth_annual_pct,gdp_pc_const_2015_usd,gdp_pc_curr_usd,gdp_pc_growth_annual_pct,gfcf_const_2015_usd,gfcf_curr_usd,gfcf_pct_gdp,population_total,delta_gdp_const_2015_usd,icor_gfcf_annual,icor_gcf_annual,icor_marginal_annual,gdp_growth_5yr_ma,gdp_pc_growth_5yr_ma,gfcf_pct_5yr_ma,icor_gfcf_5yr_smoothed
CHN,China,1967,,17391384871.8564,23.8201111605653,175758119940.626,73011350596.2485,-5.77000000405148,232.931044915017,96.7614480104016,-8.16149758528853,,13248090245.8314,18.1452474685657,754550000.0,,-3.144756924752995,-4.128268829088337,,,,,
CHN,China,1968,,17665789279.347,24.888290626073,168552037046.827,70980323818.7853,-4.09999998647768,217.624094003727,91.6454581848979,-6.57145161430678,,12303878586.8441,17.3342102781275,774510000.0,-7206082893.799011,-4.227856179340956,-6.070314806867741,,,,,
CHN,China,1969,,19933364229.3127,24.9642038256092,197104752115.92,79847786729.1898,16.9399999960609,247.611258585999,100.308139479526,13.7793403435182,,16724341920.9208,20.9452792694714,796025000.0,28552715069.093018,1.2364391543295075,1.4736838153137064,,2.356666668510581,-0.3178696186923702,18.808245672054866,7.980868029988189
CHN,China,1970,,30438001510.2715,32.8162153192607,235145969267.792,92752930873.1912,19.2999999967022,287.353854283243,113.346243039894,16.0503992929066,,22354514935.9678,24.1011413068232,818315000.0,38041217151.87198,1.2487637984943716,1.7003220375579284,,6.592500000558486,3.7741976092073726,20.131469580746952,3.053692768910354
CHN,China,1971,,33570752158.2706,33.5845171488947,251747274694.657,99959013879.6308,7.05999999853672,299.305407404138,118.84249157909,4.15917620130968,,24796716479.6294,24.8068838589077,841105000.0,16601305426.86502,3.5137229269191583,4.757013761452626,,6.686000000154133,3.851193327627834,21.0665524363791,3.1508454136843334
CHN,China,1972,,35525993382.8226,31.1982006102093,261338845861.077,113871930713.841,3.81000000021984,303.166764336598,132.097410431007,1.29010597100438,,27998375041.0901,24.5876001799335,862030000.0,9591571166.419983,6.453438367064245,8.188504096695311,,8.602000001008397,5.741514038886416,22.35502297865266,2.598816900259477
CHN,China,1973,,45658319637.5218,32.9034962037238,281618740302.101,138764340892.0,7.76000000084325,319.317346193733,157.339888078555,5.32729301395436,,33644743794.1587,24.245957987394,881940000.0,20279894441.024017,3.1244791217473304,4.240141262905709,,10.973999998472582,8.121262964538644,23.73737252050596,2.163055633662279
CHN,China,1974,,47879670018.0051,33.1534340901066,288124133211.379,144418433058.472,2.31000000294736,320.013476105269,160.402546852304,0.218005667350923,,38293247655.5333,26.5154847927406,900350000.0,6505392909.278015,11.478564830696596,14.352135951431032,,8.047999999849875,5.408996029305189,24.8514136251598,3.087899307358769
CHN,China,1975,,57258710409.539,34.9804771441711,313248557620.151,163687619735.857,8.71999999747992,341.827004315989,178.621249282085,6.81644050625665,,47472832936.2525,29.0020913083467,916395000.0,25124424408.771973,3.32592790329453,4.011522609435832,,5.932000000005418,3.5622042719751987,25.831603625464503,4.35461962667581
CHN,China,1976,,51138255627.9827,33.1642759720738,308330555260.336,154196810058.643,-1.57000000165326,331.294213681681,165.680987722637,-3.08132198489825,,44699652856.293,28.9887014130144,930685000.0,-4918002359.815002,-18.464141007954378,-21.123742635127876,,4.205999999967422,2.1141046347336125,26.667967136285842,6.340458187468474
CHN,China,1977,,59266474723.3725,33.8227621398292,331671178297.81,175226595859.778,7.57000000138403,351.549547458872,185.728620718294,6.11400167606095,,49200930266.231,28.0784603643177,943455000.0,23340623037.474,3.709175740975441,4.468000281855397,,4.9580000002002595,3.0788837757449263,27.36613917316268,5.519592410661018
CHN,China,1978,,56233026138.2114,37.5415882273122,369239420801.258,149788617886.179,11.3269542129809,386.167053595622,156.655616850835,9.84712009643518,,43875302560.9756,29.2914796732523,956165000.0,37568242503.448,2.5859978880892553,3.314358610568836,,5.6713908426277895,3.9828491922410905,28.375243510334336,5.003224834560497
CHN,China,1979,,64710334643.4783,36.2372832294507,397282422830.885,178573913043.478,7.59480175999998,409.99006489222,184.285853059043,6.16909471555913,,50545117252.1739,28.3048718543046,969005000.0,28043002029.627014,3.72687434758069,4.7713270700894235,,6.728351194038313,5.173067001882732,28.73312092264714,4.2704549887506245
CHN,China,1980,,66147553729.1667,34.544058348021,428434994544.795,191487500000.0,7.84141706847441,436.628325064633,195.149479992051,6.49729406965412,,54593387062.5,28.5101570924995,981235000.0,31152571713.909973,3.6358424559664835,4.405333633751193,,6.552634608237213,5.109237714562226,28.6347340794777,4.369957397514799
CHN,China,1981,,64535523825.3968,32.8896636883936,450348857948.493,196218253968.254,5.11486309071954,453.119684821175,197.425510967822,3.77697891086211,,53388698428.5714,27.2088337088195,993885000.0,21913863403.697998,5.319562464572607,6.430213889413568,,7.889607226711772,6.480897893714297,28.27876053863872,3.5843052418244064
CHN,China,1982,,65587896076.3359,31.9192153428932,490989885719.788,205480916030.534,9.02434347373044,486.788897534069,203.722788366928,7.43053410407046,,57916140351.145,28.1856541570696,1008630000.0,40641027771.295044,3.123291377274933,3.5370124636555516,,8.180475921181053,6.7442043793162,28.300199297189103,3.4594807893650366
CHN,China,1983,,73648734593.8697,31.8645996336511,543878522308.357,231130268199.234,10.7718383060041,531.489502016356,225.86534696156,9.18274938247932,,65001225015.3257,28.1231988876917,1023310000.0,52888636588.56897,2.6108077459736982,2.958139430656895,,8.069452739785692,6.611330236525028,28.06654314007698,3.4781222525410525
CHN,China,1984,,89365467310.7143,34.3128885510943,626505281173.79,260442857142.857,15.1921349118079,604.253640849507,251.192686463827,13.6906069747567,,76219038739.2857,29.2651676361692,1036825000.0,82626758865.43304,1.9263367397707354,2.2585955660797237,,9.588919370147277,8.115632688364542,28.2586022964499,2.947005935249185
CHN,China,1985,,120898734132.653,38.9914630864753,710635430095.605,310064625850.34,13.4284820016509,676.125961043923,295.007445815897,11.8943958853723,,94181047057.8231,30.3746507037155,1051040000.0,84130148921.81494,2.2619571370748557,2.903638928188732,,10.706332356782577,9.195053051508179,28.631501018693097,2.67425856629182
CHN,China,1986,,113467013495.652,37.6578802293366,774192860723.962,301310144927.536,8.9437463904392,725.721895334567,282.445603096707,7.33530986061663,,93113390307.2464,30.9028394412806,1066790000.0,63557430628.357056,3.455245496933535,4.210526393010495,,11.47210901672651,9.906719241459083,29.37030216518532,2.560148454165051
CHN,China,1987,,101875915735.426,37.2550720459819,864427096743.192,273455156950.673,11.6552658383921,797.416224331495,252.256760114454,9.87903623382846,,83416274479.8206,30.5045534375743,1084035000.0,90234236019.22998,2.6172336058687917,3.1964154711310653,,11.99829348965884,10.396419667410681,29.834082021286264,2.4865271087925827
CHN,China,1988,,122062518395.062,39.0114582938763,961423696945.326,312888888888.889,11.2209115803492,872.728317988186,284.023573149686,9.44451484164723,,96994617160.4938,30.9997000868056,1101630000.0,96996600202.13403,2.762672164808278,3.47667460121473,,12.088108144527862,10.448772759244264,30.409382261109045,2.515644457968801
CHN,China,1989,,129399924939.271,37.1432672399768,1001879030667.2,348380566801.619,4.20785693658392,895.614384005007,311.429461227032,2.62235859030879,,89049722510.1214,25.5610476002324,1118650000.0,40455333721.8739,6.074599965127074,8.827122166879313,,9.891252549483063,8.235123082354681,29.66855825392168,2.9994743441741583
CHN,China,1990,,123261300353.728,34.0914985430681,1041177931705.26,361560229445.507,3.9225195692421,917.187887177205,318.50335359039,2.40879373505875,,86565315650.0956,23.9421564099717,1135185000.0,39298901038.06006,6.103769780452045,8.691224592068812,,7.990060063001304,6.338002652291972,28.382059395172917,3.552170968851487
CHN,China,1991,,136646341463.415,35.5377442696039,1138794946993.44,384510452961.672,9.37563237902144,989.585278674846,334.130288119078,7.89340902881477,,100101045296.167,26.0333742620373,1150780000.0,97617015288.17993,2.776705955353859,3.7904370428518304,,8.076437260717752,6.4496224859316005,27.408166359324262,3.393596145745148
CHN,China,1992,,168436420722.135,39.3081668840399,1301615550876.41,428502354788.069,14.2976226152779,1117.29533882968,367.822651903542,12.9054122880499,,131189952904.239,30.615923445537,1164970000.0,162820603882.96997,2.141329665032701,2.7492799286810574,,8.604908616094912,7.054897696775887,27.430440360916798,3.187766609120052
CHN,China,1993,,194146834054.33,43.4763551900211,1482879870958.35,446557291212.148,13.9261028311995,1258.34142676619,378.939353053314,12.6238858280969,,166613890516.5,37.3107535797341,1178440000.0,181264320081.9402,2.67919561071634,3.1219326553167743,,9.145946866264971,7.690771894065823,28.6926510595025,3.1371985294749503
CHN,China,1994,,228350004171.142,40.2783746945492,1676880778212.51,566929539493.172,13.0827122987906,1406.97393365064,475.677874448369,11.8117788799513,,196693415733.594,34.6945082292652,1191835000.0,194000907254.1599,2.6519354272181355,3.078748028287119,,10.920917938706308,9.528655951994324,30.51934318530906,2.794576733988753
CHN,China,1995,475395820990.633,288574980748.776,39.092189056179,1861596132617.78,738190896227.55,11.0154136659719,1545.07897848105,612.680277898627,9.81575006667488,,240857329959.694,32.6280547742557,1204855000.0,184715354405.27002,2.962036266967274,3.5488625522017436,,12.339496758052267,11.010047218317549,32.256522858165866,2.6140873887029903
CHN,China,1996,538099409615.955,328101104439.105,37.7768637845413,2047258472826.1,868523936530.083,9.97328781228394,1681.45741269443,713.337387811657,8.82663191414676,,277142350263.255,31.9095811418268,1217550000.0,185662340208.32007,3.199504691173584,3.7878044327580853,,12.459027844704769,11.196691795383948,33.43176423412376,2.683336505129704
CHN,China,1997,566248014494.034,345888214420.174,35.7413524462449,2237604266165.63,967753570434.667,9.29759460595947,1819.07954081306,786.743548510999,8.18469305732251,,302425252571.92,31.2502337176691,1230075000.0,190345793339.5298,3.3611095172549974,3.8441504454642286,,11.459022242841083,10.25254794923847,33.55862628855018,2.9285767648732524
CHN,China,1998,615497250943.217,362851218716.172,34.9859486932226,2414901854973.07,1037134141760.35,7.92354535108497,1944.46718626424,835.095348597432,6.8929171395732,,342979152690.471,33.0698931681417,1241935000.0,177297588807.43994,4.173623258635535,4.415441212617276,,10.258510746818176,9.10635421153373,32.7104542062317,3.188616263464686
CHN,China,1999,654723889291.862,377885422643.675,34.2336141056633,2601845161729.03,1103843203575.64,7.74123827728161,2076.93180259914,881.146614068925,6.81238630667758,,360681303415.577,32.675048616256,1252735000.0,186943306755.95996,4.2209072303262145,4.422240070574945,,9.190215942516378,8.106475696878986,32.30656228362986,3.515321346712989
CHN,China,2000,702422855003.536,411581609430.883,33.6326827140045,2824916263542.96,1223754919971.05,8.57357328926101,2237.30047918692,969.199513696287,7.72142235903391,,399521459432.767,32.6471790154044,1262645000.0,223071101813.93018,3.807884753991342,3.9228314238745416,,8.7018478671742,7.687610155350792,32.3103871318596,3.713048955238967
CHN,China,2001,848567316440.794,481361274306.312,35.523858010134,3060063619716.51,1355036590251.52,8.32404695347056,2405.99411858042,1065.40597574519,7.54005288797013,,453393641323.232,33.4598817910203,1271850000.0,235147356173.5498,4.019665191469134,4.26761864856168,,8.371999695411523,7.4302943501154655,32.620447261698295,3.8963746355099276
CHN,China,2002,959269098833.012,537360529962.884,36.0687816828708,3342692586001.97,1489821682050.54,9.23604870383861,2610.66275070444,1163.55957673426,8.50661398311242,,521256785555.368,34.9878641071948,1280400000.0,282628966285.46045,3.7881853191888686,3.9052177873293576,,8.359690514987353,7.494678535273448,33.36797333960344,3.9915321362412803
CHN,China,2003,1187961563724.01,663929616359.091,39.4280130265115,3680766226629.83,1683903309843.85,10.1138119025242,2856.85053293219,1306.97245408557,9.43008751939767,,641309202798.054,38.0846809344133,1288400000.0,338073640627.85986,3.7656109587037254,3.8984325006747533,,8.797743825275198,8.002112611238342,34.37093089285776,3.906789237726255
CHN,China,2004,1416204775727.94,826107816292.792,41.6343741627493,4054011719388.36,1984196551300.44,10.1404291872206,3127.91444892337,1530.92726215723,9.48820783119425,,780791999227.721,39.3505370582361,1296075000.0,373245492758.5298,3.880559326603979,4.105780277546705,,9.277582007262996,8.537276916141675,35.70602858125378,3.8486351889211177
CHN,China,2005,1566526102252.92,931147769850.739,40.178086700104,4518338478814.27,2317551298052.05,11.4535130030645,3465.72767067642,1777.64496828464,10.7999508064974,,910110018931.413,39.2703289759488,1303720000.0,464326759425.90967,3.428671095535635,3.5079269294367545,,9.853569950023694,9.152982605634374,37.030658573362665,3.758095671028714
CHN,China,2006,1805728003092.64,1107937379082.9,39.6897003482818,5091050723394.27,2791498472804.33,12.6752842281595,3883.27464370816,2129.25696999613,12.0478875638328,,1075329111482.4,38.5215726233992,1311020000.0,572712244580.0,3.0391091773563077,3.1312670890729914,,10.723817404961483,10.054549540806908,38.04299673983844,3.547523731823097
CHN,China,2007,2120300566780.36,1449626501735.39,40.2220879226288,5811473655332.24,3604055822571.63,14.1507710506103,4409.69709445986,2734.72709877693,13.5561478146964,,1357683411650.45,37.6709873123357,1317885000.0,720422931937.9707,2.662115525550179,2.842395497656934,,11.70676187431582,11.064456307123704,38.57962138086662,3.2954989428382246
CHN,China,2008,2414499395419.8,1958452391146.2,41.9607249432501,6373372030110.07,4667346414521.95,9.66877608164454,4811.34486346262,3523.44302065213,9.10828477328671,,1811074229473.19,38.8030814219879,1324655000.0,561898374777.8301,4.013236121545177,4.339817634510065,,11.617754710139888,11.000095757901514,38.72330147838154,3.3331140521140576
CHN,China,2009,2919460955841.66,2331586892087.97,44.9282638913962,6972857785771.39,5189577094997.58,9.40610014336416,5237.78809982377,3898.24459158811,8.86328559816117,,2252783317543.54,43.4097668520056,1331260000.0,599485755661.3193,4.615065350184523,4.776502823339841,,11.4708889013686,10.875111311294896,39.53514743713544,3.4465635381071884
CHN,China,2010,3379942841685.89,2854917581561.38,46.1023443345586,7711401293675.62,6192564874453.29,10.5916903885704,5764.65012366375,4629.24551710077,10.0588648070302,,2695015515631.65,43.5201821905755,1337705000.0,738543507904.2305,4.10889863600418,4.352689952522414,,11.298524378469779,10.726894111401457,40.385118080060785,3.574371017601005
CHN,China,2011,3675217078792.42,3549745173730.83,46.2703012824496,8441058131256.55,7671757207851.29,9.46205248298186,6275.71634288814,5703.76027973346,8.86552016620182,,3338395140046.5,43.515390928039,1345035000.0,729656837580.9297,4.598937810406818,4.890091379821646,,10.655878029434252,10.09042063187526,41.38388174098874,3.883666988930983
CHN,China,2012,3956223800485.28,3974006124201.62,45.8169211701107,9104341297809.09,8673664713189.24,7.8578201481217,6723.09003744607,6405.0574241349,7.12864747408331,,3805458298857.17,43.8737076505916,1354190000.0,663283166552.54,5.583445131545672,5.830741898701078,,9.397287848936532,8.804920563752642,42.62442580863991,4.535822089717472
CHN,China,2013,4330548082913.43,4474277400763.55,45.9224093546636,9812516071429.73,9743124247267.24,7.77842954757257,7197.937319496,7147.03518622344,7.06293206554041,,4294334930447.57,44.0755431365052,1363240000.0,708174773620.6406,5.666380709234545,5.903815040530218,,9.019218542122138,8.395850022203382,43.678918151543385,4.842871690884446
CHN,China,2014,4655345596368.92,4836794860984.92,45.3115352657107,10544628617502.6,10674533168257.4,7.46100735778161,7686.37369520403,7781.06597484974,6.78578256558413,,4630649568303.33,43.3803473680085,1371860000.0,732112546072.8691,5.814274840885136,6.073112261235356,,8.630199985005628,7.980349415687973,43.67303425474396,5.060489250610972
CHN,China,2015,4820854761847.03,4820854761847.03,42.7349872564364,11280814787468.9,11280814787468.9,6.98162255562367,8175.33285077393,8175.33285077393,6.36137631292877,4694699581163.45,4694699581163.45,41.6166710438192,1379860000.0,736186169966.3008,5.960888133417802,6.1210681207642095,6.377054843856075,7.908186418416283,7.240851716867688,43.292332025392696,5.474369183378779
CHN,China,2016,5154510820320.7,4827410068932.43,42.1386166189127,12044942062503.5,11456024084962.0,6.7736886867727,8679.22528805041,8254.86859320357,6.16357090866066,,4706201149285.17,41.0805800894123,1387790000.0,764127275034.5996,6.064728095584357,6.220926081412444,,7.370513659174451,6.700461865359456,42.805369857667365,5.807650841863017
CHN,China,2017,5478798666123.37,5334698476272.63,42.5497375507577,12874987827480.3,12537559062282.9,6.89123916636191,9221.35045639842,8979.67652709856,6.24623915563534,,5192867621329.67,41.4184897995936,1396215000.0,830045764976.8008,6.010310888899196,6.174468266673289,,7.177197462822493,6.523980201669862,42.314326287467765,5.895661434237216
CHN,China,2018,5849150101123.61,6127938860545.8,43.313827489682,13745054545709.3,14147765772963.8,6.757806142324,9798.57890566402,10085.6638148819,6.25969538838069,,5995876333537.23,42.3803760237203,1402760000.0,870066718229.0,6.271321658414094,6.409451022634164,,6.973072781772778,6.3633328662379185,41.97529286491078,6.019626379726287
CHN,China,2019,6090805998907.79,6212755948025.48,42.6695374085222,14579018970009.3,14560167101283.4,6.06737806333672,10356.2924890582,10342.9009524335,5.69178029552671,,6151721422590.08,42.2503490502374,1407745000.0,833964424300.0,6.963526684704738,7.03261556525725,,6.6943469228838,6.144532412226434,41.749293201356565,6.23649979337667
CHN,China,2020,6346749365942.07,6384329452073.95,42.5723735094229,14920095680400.9,14996414166715.1,2.33950385203023,10573.3794064211,10627.4637989619,2.09618372204399,,6275911069015.95,41.8494114609444,1411100000.0,341076710391.5996,17.888156681010518,18.19718034337855,,5.765923182165112,5.291493894049478,41.7958412847816,7.248768317632564
CHN,China,2021,6598453297619.72,7768896607600.43,42.6822612949312,16198805195731.6,18201698719564.0,8.57038414981781,11469.3174514512,12887.4357242941,8.47352592384939,,7526788365592.98,41.3521203793076,1412360000.0,1278709515330.6992,4.825001966823933,4.980203984886552,,6.125262274774133,5.753484897087224,41.85014934276066,6.832384878458754
CHN,China,2022,6786639414758.66,7758145200097.73,42.3554333470499,16706452162504.0,18316765021690.2,3.13385438394069,11830.298767861,12970.6056414327,3.14736528950196,,7552539216090.82,41.2329317275585,1412175000.0,507646966772.4004,13.157258339396686,13.515443973433676,,5.373785318289889,5.133710123860548,41.81303772835364,7.780928200842212
CHN,China,2023,7019896442636.18,7514544752835.9,41.1297102455381,17611274170444.3,18270356654533.2,5.41600334492955,12483.9791101249,12951.1782397043,5.52547619540933,,7391169506259.04,40.4544347218594,1410710000.0,904822007940.3008,7.469425726949145,7.594107245898148,,5.105424758811,4.9868662852662755,41.42784946798146,8.11447654702673
CHN,China,2024,7219703704654.99,7582053246054.77,40.4815134449629,18484494644731.6,18729668435848.0,4.95830378788091,13119.1076099516,13293.1162269366,5.08754856303446,,7426675490111.76,39.6519325237885,1408975000.0,873220474287.3008,7.99707606070967,8.164387495560044,,4.883609903719838,4.866019938767826,40.90816616269168,8.376624457971548
CHN,China,2025,7359864995223.74,,,19401316126585.1,19498039388042.6,4.95994886240992,13793.2056196996,13861.970224368,5.13829164139675,,,,1406585000.0,916821481853.5,,,,5.407698905795776,5.474441522638378,40.6728548381285,7.521286881290082
IND,India,1967,28425766714.2094,9123328402.8,18.1975444704354,173987108161.169,50134942204.0,7.82596303033105,340.080025745202,97.9951481214155,5.53582268678396,33228583862.4908,8056085294.0,16.0688033930899,511606372.0,,2.053268502650998,2.325278614262201,,,,,
IND,India,1968,27839558813.043,9418554161.2,17.7422497494354,179881668161.044,53085455870.6667,3.38792917600242,344.128288078031,101.556802521195,1.19038521123345,35004082552.8199,8604402264.66667,16.2085869350539,522716889.0,5894559999.875,4.784216579810322,5.236901017621133,5.938370727172545,,,,
IND,India,1969,30912705348.7812,10310281984.0,17.6400952349903,191645390146.726,58447995017.3333,6.53970029628042,358.966799409582,109.477664384288,4.31191269233454,35027936809.9267,9423982103.86667,16.1237046729693,533880544.0,11763721985.682007,2.465511253189992,2.6973858794451857,2.977623651133569,5.917864167537964,3.679373530117317,16.13369833370437,2.7262704713982218
IND,India,1970,30861536674.6325,11368032257.0667,18.2114387329179,201528983195.205,62422483054.6667,5.15722973608261,369.19248063917,114.35532002008,2.84864261720234,33085056260.6545,9698056143.06667,15.5361588781618,545864268.0,9883593048.478973,3.0125008334344514,3.531244420914854,3.3474725333562874,5.727705559674125,3.4716908018885726,15.984313469818726,2.7907009714947963
IND,India,1971,33441971180.8212,12933904889.4895,19.2036157433701,204839964092.459,67351404351.833,1.64293038388766,367.033309772096,120.680595539912,-0.58483608965598,36524931296.4122,11170702177.2603,16.5857004538559,558096387.0,3310980897.2540283,10.095193695675174,11.688636312105116,11.031453345654835,4.910750524516832,2.6603854235796622,16.10459086662616,3.279456121060169
IND,India,1972,31909996538.3213,13970228370.7894,19.5484319396904,203706581882.861,71464700666.9869,-0.553301312377712,357.07792915078,125.270705961882,-2.7123915885177,38094713477.3231,12186470318.9483,17.0524331665995,570482142.0,-1133382209.5980225,-30.819433796966365,-35.330536007016796,-33.611532945125525,3.2348976559750797,1.01074256851933,16.30131682132808,5.03920635362866
IND,India,1973,38113456061.9093,15992453661.3582,18.7007586479695,210419775342.652,85517673172.5513,3.29552113522354,360.637844054436,146.568492582405,0.996957418265112,37090217930.8321,13603540117.8133,15.9072851413591,583465598.0,6713193459.791016,4.8269407139699885,5.674598304981285,5.5249737927240865,3.2164160478193033,0.9720570099256622,16.24105646258912,5.049426511100885
IND,India,1974,36151739769.5697,22404947584.892,22.5115175742591,212913957238.715,99526597933.6331,1.18533626034039,356.615069655557,166.699661755332,-1.11546097149807,38516926962.5788,16525822284.599,16.6044279898112,597041391.0,2494181896.0629883,14.00820049581791,18.99167209125495,15.4427097010755,2.1455432406312975,-0.11341772284085971,16.3372011259575,7.614482344877139
IND,India,1975,32512019111.1342,19246815110.8437,19.5451062648376,232395396993.299,98473832017.3242,9.14991201480592,380.159941384358,161.086694022079,6.60232102685482,37825817650.7569,17444354594.0634,17.7147108391135,611309535.0,19481439754.584015,1.9360525883143422,2.13609772784817,1.9416335818740718,2.9440796963759595,0.6373179590896363,16.77291151814784,5.6971662617675065
IND,India,1976,38455194278.5777,19946787155.4095,19.4192719578704,236260373292.016,102716451979.68,1.66310363661279,377.496025416227,164.119999587322,-0.700735579459177,41960903331.3475,18991191222.2844,18.4889478328566,625861883.0,3864976298.71698,11.117135111623393,11.676525461408552,10.856703919575619,2.9481143469209856,0.6141380611289968,17.15356099394798,5.818485640444436
IND,India,1977,44850317893.3141,25628351175.1409,21.0956125472627,253400507183.968,121486641441.309,7.25476458583569,395.443306819602,189.585568552477,4.75429678592927,47635917089.8763,22827573949.7168,18.7901926326154,640801103.0,17140133891.951996,2.5900485688125086,2.907828682470288,2.779203324207598,4.509727526563665,2.107475736018391,17.50111288715116,3.88074729217326
IND,India,1978,53371095672.1564,31099965054.1995,22.6507207547063,267876092470.546,137302319828.995,5.71253208900188,408.51694440403,209.389063573463,3.306071277214,50099661173.8178,26626402123.8401,19.3925362346407,655728229.0,14475585286.578003,3.394735632553629,3.965092957344584,3.460976546507658,4.993129717319334,2.5692985078081687,18.198163105807478,3.6446405633494217
IND,India,1979,47162626271.2416,36099851058.6662,23.5953767441188,253844253329.845,152995442497.709,-5.2381827027895,378.219592791247,227.958179873426,-7.41642471084822,50067110078.0575,31141172805.2797,20.3543140219657,671155747.0,-14031839140.700989,-3.8857587023695026,-4.504496708668353,-3.568107471588097,3.7084259246933557,1.3091057599381386,18.948140312238383,5.109483294803893
IND,India,1980,51201968404.2602,36436560119.0625,19.5550034544046,270942749193.224,186328579302.068,6.7358215279985,394.182239921013,271.080945953678,4.22047070908258,51259917959.5421,36662458764.4246,19.676240167639,687354025.0,17098495863.378998,2.9211344281987905,2.903135626904774,2.997919721659782,3.2256078273318716,0.8327356963836905,19.34044617794348,5.995907504335805
IND,India,1981,48395679230.984,49456660070.229,25.5601376265736,287216122413.739,193491368445.573,6.00620362381767,408.153549793307,274.964330768528,3.54437832488188,51195242722.6512,38441421386.7391,19.8672538705789,703696250.0,16273373220.515015,3.3077889320626883,4.255622890508503,3.1459514895235094,4.094227824772847,1.6817584772519019,19.616107385487943,4.791161661009001
IND,India,1982,49853627869.6191,50448255165.3842,25.1341943149098,297198988652.009,200715624830.902,3.47573324031237,412.596737104221,278.65038258267,1.08860680328846,54085872663.7749,42179411327.1772,21.0145131265752,720313473.0,9982866238.269958,6.046066160326674,7.231335829630857,5.417870115942577,3.3384215556681838,0.94862048072374,20.0609714842799,6.0091187256501835
IND,India,1983,53231024575.3268,45921421702.0267,21.0395721185203,318861504638.44,218262146413.158,7.28889290124586,432.429235384759,295.999773299382,4.80675111968445,58051099889.1522,44894488783.1836,20.569067756807,737372681.0,21662515986.43103,2.821974205889514,2.88652507363966,2.679794901271591,3.6536937181169797,1.24875644921783,20.296277788713162,5.555002513777576
IND,India,1984,55911802960.0274,49414522479.0321,23.2914173032296,331044366854.288,212157645177.652,3.8207378559735,438.541705512915,281.049867840717,1.41351916752743,59018585878.5017,44235778043.319,20.8504284661898,754875449.0,12182862215.848022,5.4571732613352095,6.096052171392715,4.844394103195851,5.465477829869579,3.01474522489296,20.39550067755798,3.7316958027153264
IND,India,1985,60367385263.0995,61490184601.4563,26.4460769030045,348438428450.72,232511554840.372,5.25429922330889,450.966703855867,300.928258576378,2.83325352794432,61736925084.9298,50695186646.5775,21.8032977678815,772647793.0,17394061596.431946,4.149610983546326,5.033226274150048,3.549310478329796,5.1691733689316575,2.737301788665308,20.820912197606482,4.027899764930821
IND,India,1986,62532955390.0395,64899902260.822,26.0656839397328,365081813580.314,248985994040.59,4.77656417048946,461.725611476403,314.897116402542,2.38574323304699,67620333950.2968,57020070823.4466,22.9009149864675,790689978.0,16643385129.594055,4.794432602403584,5.456994402121016,4.0628954640999835,4.923245478266016,2.50557477029833,21.427644420784198,4.352341258500701
IND,India,1987,70769969632.0828,72066370149.6703,25.8271313054029,379558605843.486,279033584092.223,3.96535563390576,469.209956296394,344.941028293075,1.62095076252291,75089849878.028,68205918069.8616,24.4436232619651,808931270.0,14476792263.171997,6.16429534162333,6.513194197405171,5.186912163480553,5.021169956984695,2.61204356214522,22.11346644786218,4.404046594180956
IND,India,1988,79476866643.127,77951580633.2355,26.2826349945907,416101684467.7,296589670895.932,9.62778291984834,502.937342187065,358.484539641693,7.18812238275834,77689724127.8332,69912054601.5875,23.5719788859803,827342990.0,36543078624.21399,2.448328870957927,2.7298740752045036,2.125976438021148,5.48894796070519,3.0883178147599977,22.71404867369684,4.138142470343017
IND,India,1989,85937682764.5134,79519965120.6064,26.8610369133845,440848680237.688,296042052944.66,5.94734332826503,521.073383839123,349.915155021864,3.60602407711301,84471021509.6953,72757703423.4589,24.5768135640715,846039529.0,24746995769.987976,4.132402016757471,4.51647658976171,3.4133848930518624,5.914269055163496,3.5268187966771136,23.45932569327318,3.9665638263094984
IND,India,1990,101998826230.264,87743461242.1094,27.3361977013687,465242841650.512,320979026420.035,5.53345456306495,537.870269536103,371.085936203765,3.2235163449005,98391571850.7628,83718295868.5684,26.0821701661635,864972221.0,24394161412.824036,4.713541941820289,4.940168458928726,4.033406608477971,5.970100123114707,3.60487136006835,24.315100172929583,4.072812795682891
IND,India,1991,85152815231.0168,67905847731.926,25.1405052782292,470159674240.679,270105341879.226,1.05683143296179,531.898397833351,305.574055928592,-1.11028105492854,90811846850.8409,66403598831.0915,24.584333789586,883927600.0,4916832590.166992,23.26230373436939,23.788566931409733,18.46958284332325,5.226153575609173,2.905666502473244,24.651783933553283,4.717003351873335
IND,India,1992,96158360731.2785,79084882875.8473,27.44020415513,495935689516.747,288208070278.013,5.48239602167003,549.235069964895,319.182472626315,3.25939544134066,100437906942.161,72309963480.4499,25.0894998917615,902957070.0,25776015276.067993,4.576374963171452,5.005148122585142,3.896564533596223,5.529561653162028,3.2333554382367935,24.78095925951256,4.481541361482388
IND,India,1993,98373120107.4086,63445946163.9591,22.716410511618,519496484318.718,279295648982.529,4.7507762195799,563.372872336747,302.884806246174,2.57408951922086,99608127916.4845,66103013543.2141,23.6677562948176,922118387.0,23560794801.97101,4.981871424983786,4.781620826086134,4.22770660980213,4.55416031310834,2.310548865529298,24.80011474128002,5.445595463536342
IND,India,1994,117533154772.872,86106556408.0966,26.3101665553988,554089360742.694,327274843459.429,6.65892406747307,588.727892180632,347.73421473994,4.50057521206482,105344556778.808,76447764811.0753,23.3588882063134,941163767.0,34592876423.97595,3.5079072789574,3.951113766849573,3.0452673402375643,4.696476460949947,2.4894590925196605,24.5565296697284,5.228713456547677
IND,India,1995,126677783504.139,105030596995.344,29.1523371515588,596058814159.964,360281909643.489,7.57449184027195,620.699954336366,375.17600537305,5.43070280521438,118112446079.149,90563784414.7983,25.1369225017193,960301044.0,41969453417.27002,3.3186282369559987,3.8487515421908665,2.8142478984619532,5.104683916391347,2.9308963845824363,24.36748013683956,4.773553178992061
IND,India,1996,127829387949.303,89420392519.4172,22.7592531809279,641058406951.43,392896866204.516,7.54952224888829,654.355928434052,401.046754673579,5.42226141029292,123667339707.968,96357120054.4483,24.5247871242351,979678458.0,44999592791.466064,3.248521736305435,3.0146613826165396,2.748187973190301,6.403222079576648,4.237404877626728,24.35557080376938,3.803642994275104
IND,India,1997,146850657861.756,106847742358.73,25.6927329065132,667020123970.576,415867563592.829,4.04982084902483,667.598423093399,416.228116203753,2.02374488927428,134919118619.395,105422644244.087,25.3500521496081,999133762.0,25961717019.145996,6.259549025659301,6.344165301213222,5.196848826288961,6.116707045047608,3.9902747672134518,24.4076812553387,3.990330266855003
IND,India,1998,152400414243.866,105234050234.063,24.9753699423901,708271422045.356,421351317224.941,6.18441582080355,695.293709337082,413.630864056851,4.1484948564368,149246040757.49,107270853380.621,25.4587677777102,1018665080.0,41251298074.77991,4.116600260297877,4.038436396591621,3.6179719844679403,6.403434965292338,4.30515583465664,24.76588355191722,3.8675935160038866
IND,India,1999,179276049634.946,142042225086.271,30.9580879683861,770923380748.906,458821052615.79,8.84575556114116,742.53920839812,441.927991436397,6.79504192639435,174231612235.119,126336800901.091,27.5350924245587,1038225823.0,62651958703.55005,3.1128027712543407,3.4997675161162043,2.780944376528271,6.840801264025956,4.764049177522546,25.60112439556628,3.742416042722381
IND,India,2000,169369763409.71,120271401428.678,25.677316683955,800534479629.68,468395521654.458,3.84099115686554,756.704109533187,442.750218937263,1.90763005843495,171105928742.795,121884874869.223,26.0217848451461,1057922733.0,29611098880.774048,6.774757811830348,6.685075709705383,5.778439004635894,6.094101127344674,4.05943462816666,25.778096864251637,4.230008056246958
IND,India,2001,177103830739.327,145184897910.805,29.9078889827325,839151992858.488,485440139204.171,4.82396626397303,778.507377522499,450.357900514128,2.88134658113091,209074720249.123,145303445579.778,29.9323096392457,1077898575.0,38617513228.80798,6.204916867431279,6.199854506880464,5.413987146462785,5.548989930361622,3.551251662334258,26.85960136725376,4.840448749111957
IND,India,2002,190493589446.873,155775784776.875,30.2513001207186,871073127574.186,514939140318.756,3.80397532120038,793.615912901002,469.149928973927,1.94070548523048,207574913684.35,145895259683.575,28.3325248092936,1097600380.0,31921134715.697998,7.448135809764667,7.9525489958153885,6.502742322072591,5.499820824796732,3.534643781525498,27.45609589919086,4.992180068012599
IND,India,2003,220409611812.357,187413068492.144,30.8396999424416,939542798331.655,607700687237.318,7.86038147545045,841.278894562408,544.143133545002,6.00579964269848,218194454914.321,172190930544.337,28.3348257062433,1116803006.0,68469670757.468994,3.604764704453423,3.9234355277488984,3.186731475417812,5.835013955726112,3.9061047387778336,28.03130748489748,4.803982937759615
IND,India,2004,281090319477.226,248887728627.02,35.0964917017773,1013982178696.23,709152728830.775,7.92293661307978,892.596614580718,624.258826510066,6.09996522556324,243186386319.839,217767622880.795,30.7081414238993,1135991513.0,74439380364.57495,3.875853477510345,4.429732738721824,3.266905032374091,5.650450166113836,3.767089398611612,28.6659172847656,5.073209468632643
IND,India,2005,335269753861.197,307055400956.369,37.4282640165983,1094324353137.75,820383763511.445,7.92343062131789,947.732565644272,710.488080408949,6.17702892470105,283169224039.133,268719466729.103,32.7553370362813,1154676322.0,80342174441.52002,4.13398420479047,4.723744777407153,3.5245402057825563,6.466938059004306,4.620969171864831,30.012627722992637,4.640933228238401
IND,India,2006,369245532657.041,366687312639.919,38.9985063717532,1182534912725.95,940259888787.721,8.06073257305057,1008.23275344818,801.668353659022,6.38367720990838,322456437167.422,315785264190.765,33.5848915769349,1172878890.0,88210559588.19995,4.16648130583307,4.83808463043878,3.6555310234145417,7.114291320819814,5.321435297620326,30.743144110530476,4.321322071892299
IND,India,2007,459371838393.738,510430648406.794,41.9507982267334,1273126725470.22,1216736438834.96,7.66081506510766,1069.24696812234,1021.88707706826,6.05160013553237,375110021905.153,435748337900.115,35.8128781215224,1190676021.0,90591812744.27002,4.67481303453435,5.47602283441153,4.140661396897358,7.88565926960127,6.143614227680705,32.23921477297624,4.08833474421808
IND,India,2008,423741611187.067,460644521506.104,38.4224196528192,1312424303400.29,1198895139005.92,3.08669805950082,1086.50605251005,992.519584923828,1.61413451730577,387111067148.485,416231927051.965,34.7179593535669,1207930964.0,39297577930.07007,11.247604619669692,12.447741538747351,9.850761485538577,6.930922586411343,5.2652812026021625,33.515841502440956,4.835696991934607
IND,India,2009,478165772173.632,526782184418.779,39.2567917551336,1415605643151.34,1341888016994.9,7.8618888330338,1155.10163273817,1094.94974598436,6.31340985810947,416829118260.316,455592813348.046,33.9516269299674,1225524753.0,103181339751.05005,4.3185076323275755,4.993302829491284,4.039772300553735,6.918713030402148,5.307970129111408,34.16453860365458,4.937990411443438
IND,India,2010,574382131314.948,666654093364.027,39.7856241847736,1535897931719.55,1675615519484.96,8.49758470165625,1235.15939132939,1347.51939071367,6.93079780360446,462872670734.466,556807282880.028,33.2300146665612,1243481564.0,120292288568.20996,3.9105246765100676,4.681992069701765,3.847899780142606,7.03354384646982,5.45872390489209,34.25947412971056,4.8708694901938525
IND,India,2011,586896844687.175,721753910094.54,39.590421855219,1616399198833.97,1823051829894.55,5.24131620024293,1281.61054354937,1445.46127486037,3.76074153231241,518847632198.934,625551370081.665,34.3134166469557,1261224954.0,80501267114.41992,6.546717529723795,7.553526698767768,6.4452107500553195,6.469660571908291,4.934136769372897,34.405179143714726,5.317926460176963
IND,India,2012,627648086907.11,700851783791.42,38.3474156730403,1704596203504.08,1827637590410.41,5.45638755164772,1333.09626557649,1429.32199520032,4.01726735834531,544473914757.747,611105980816.668,33.4369343256634,1278674502.0,88197004670.1101,6.128035079833381,7.027986064050775,6.173383288857527,6.028775069216303,4.527270213935483,33.92999038454292,5.628007347262596
IND,India,2013,594696998801.229,631716032985.4,34.0231978997548,1813453530765.84,1856721507621.58,6.38610640091713,1399.4537980281,1432.84397512195,4.97769997299568,552977528627.17,581075865322.952,31.2958008477695,1295829511.0,108857327261.76001,4.900607488042323,5.3276904210159435,5.079837458230733,6.688656737499565,5.1999833050734665,33.24555868338344,4.970438757455462
IND,India,2014,631177826070.191,698763898362.984,34.2678056268836,1947834564909.58,2039126479154.52,7.41022760516977,1484.31640682961,1553.88396075118,6.06398074170735,567372901989.407,613374078859.467,30.0802370588503,1312277191.0,134381034143.73999,4.0592865241905285,4.624393129703135,4.222120372898154,6.598324491926759,5.150097481793042,32.47128070916002,4.921140321136005
IND,India,2015,675603796764.315,675603796764.315,32.1167301358276,2103588360044.94,2103588360044.94,7.99625378567987,1583.99815907985,1583.99815907985,6.71566734636781,604427075366.936,604427075366.936,28.7331441287317,1328024498.0,155753795135.35986,3.5933256871097052,4.016472087634837,3.8806571283971016,6.498058308731484,5.107071390345712,31.571906601594122,4.858667789910525
IND,India,2016,741747333237.434,692401963751.449,30.172690580036,2277267041549.85,2294796885663.16,8.25630550176662,1694.46534973787,1707.50892912243,6.97394690926852,655552238064.464,646867394694.409,28.1884378846659,1343944296.0,173678681504.91016,3.4141708877698815,3.654502679628301,3.7745118306067433,7.101056169036221,5.749712465736934,30.346910849136158,4.273577074557198
IND,India,2017,849036072301.316,821484338748.471,30.9821728344733,2432016068498.23,2651474262755.45,6.79538341902422,1788.69770318481,1950.10468280866,5.5611850346496,706699366177.944,747127475823.859,28.1778136155632,1359657400.0,154749026948.37988,4.146611291524354,4.559297235198859,4.56674513639223,7.368855342511521,6.058496000997792,29.29508670711612,3.975527452426756
IND,India,2018,901294474346.12,874214432208.492,32.3432182154485,2588974770244.48,2702929641648.74,6.45385134495295,1883.35772705055,1966.25455171679,5.29211971912275,785871380821.785,796366002399.328,29.4630681512508,1374659064.0,156958701746.25,4.565191631550601,5.011460054892896,5.006867233728,7.3824043313186865,6.121379950223206,28.92854016781238,3.9185797566095926
IND,India,2019,846901208573.139,853409661240.451,30.0961975685688,2689205295885.26,2835606256558.19,3.87143694070524,1936.03067741063,2041.42863698585,2.79675759966057,794883609043.541,806858839433.266,28.4545443348195,1389030312.0,100230525640.77979,7.3498664115231795,7.7739087655361185,7.930554129710507,6.674646198425779,5.46793532181385,28.60340162300622,4.2853809434502095
IND,India,2020,757490720046.078,773630845204.822,28.9223840080659,2533830417086.36,2674851578587.27,-5.77772470687303,1806.50110583865,1907.04251637669,-6.69047102834244,738477753555.943,730885041606.85,27.3243213738562,1402617695.0,-155374878798.8999,-4.729252908390028,-5.005843212581691,-4.752877423072665,3.9198504999151993,2.7867076468718004,28.32163707203112,7.2251829687494
IND,India,2021,949856697111.71,1017195001183.23,32.1158221755014,2779348258938.28,3167270623260.47,9.68959249191741,1965.30943437472,2239.61384367482,8.79093447675136,867868706472.122,936816398158.319,29.5780345158487,1414203896.0,245517841851.91992,3.0525571163618355,3.314465722092118,3.5348498501203136,4.206507897945357,3.1501051603683683,28.59955639826768,6.79888332367971
IND,India,2022,982692988729.045,1118362211658.41,34.4117962357355,2990839011962.06,3249938492013.47,7.6093649776932,2098.21124476122,2279.98145719369,6.76238601728318,941161453067.492,1051909283642.0,32.3670520604315,1425423212.0,211490753023.78027,4.253581232509583,4.52229540002529,4.450130512144267,4.369304209679154,3.3903453568950845,29.43740408724134,6.737320789435942
IND,India,2023,1068212521817.41,1207976575397.55,34.504684353812,3206485223026.3,3500906030644.76,7.210224629335,2229.71491223037,2434.44826340989,6.26741791597422,1009423253895.84,1116775131527.77,31.8996031813541,1438069596.0,215646211064.23975,4.424217666058513,4.785521412665665,4.680922743387032,4.520578866555563,3.5854049962653773,29.924711093261998,6.619663537927171
IND,India,2024,1133166226726.6,1291685460935.73,34.3459060404746,3434122552914.77,3760813470500.86,7.09927893176518,2366.8328910323,2591.9916607122,6.14957446128288,1074125919425.71,1190050811692.66,31.6434415327216,1450935791.0,227637329888.4702,4.457275427105061,4.837942891185255,4.7185842495691395,5.1661472647675515,4.25596836858984,30.562490532842418,5.915915471723891
IND,India,2025,1206468840130.14,1368918097792.96,34.6030048968457,3693970992045.56,3956067115771.63,7.56666179284244,2523.43601851376,2702.47987141553,6.6165688365585,1150204050793.39,1253246368503.29,31.6790977460161,1463865525.0,259848439130.79004,4.186667597061419,4.573087293207402,4.426442023823185,7.835024564710645,6.917376341570028,31.4334458072744,4.011914136026102
